<?xml version="1.0" encoding="UTF-8"?><rss version="2.0"
	xmlns:content="http://purl.org/rss/1.0/modules/content/"
	xmlns:wfw="http://wellformedweb.org/CommentAPI/"
	xmlns:dc="http://purl.org/dc/elements/1.1/"
	xmlns:atom="http://www.w3.org/2005/Atom"
	xmlns:sy="http://purl.org/rss/1.0/modules/syndication/"
	xmlns:slash="http://purl.org/rss/1.0/modules/slash/"
	
	xmlns:georss="http://www.georss.org/georss"
	xmlns:geo="http://www.w3.org/2003/01/geo/wgs84_pos#"
	>

<channel>
	<title>Hoodies &#8211; Shop</title>
	<atom:link href="http://localhost/siteshop/categoria-prodotto/clothing/hoodies/feed/?simply_static_page=420" rel="self" type="application/rss+xml" />
	<link>./../../../../index.html</link>
	<description></description>
	<lastBuildDate>Mon, 20 Mar 2023 16:07:37 +0000</lastBuildDate>
	<language>it-IT</language>
	<sy:updatePeriod>
	hourly	</sy:updatePeriod>
	<sy:updateFrequency>
	1	</sy:updateFrequency>
	<generator>https://wordpress.org/?v=6.1.1</generator>
	<item>
		<title>Borsa a tracolla</title>
		<link>./../../../../prodotto/hoodie-with-logo-2/index.html</link>
					<comments>./../../../../prodotto/hoodie-with-logo-2/index.html#respond</comments>
		
		<dc:creator><![CDATA[Shirley]]></dc:creator>
		<pubDate>Mon, 20 Mar 2023 13:07:42 +0000</pubDate>
				<guid isPermaLink="false">./../../../../prodotto/hoodie-with-logo-2/index.html</guid>

					<description><![CDATA[This is a simple product.]]></description>
										<content:encoded><![CDATA[<p>Materiale: similpelle<br />
Colore: marrone<br />
Taglia: one size</p>
]]></content:encoded>
					
					<wfw:commentRss>./../../../../prodotto/hoodie-with-logo-2/feed/index.html</wfw:commentRss>
			<slash:comments>0</slash:comments>
		
		
			</item>
	</channel>
</rss>
