<?xml version="1.0" encoding="UTF-8"?><rss version="2.0"
	xmlns:content="http://purl.org/rss/1.0/modules/content/"
	xmlns:wfw="http://wellformedweb.org/CommentAPI/"
	xmlns:dc="http://purl.org/dc/elements/1.1/"
	xmlns:atom="http://www.w3.org/2005/Atom"
	xmlns:sy="http://purl.org/rss/1.0/modules/syndication/"
	xmlns:slash="http://purl.org/rss/1.0/modules/slash/"
	
	xmlns:georss="http://www.georss.org/georss"
	xmlns:geo="http://www.w3.org/2003/01/geo/wgs84_pos#"
	>

<channel>
	<title>Senza categoria &#8211; Shop</title>
	<atom:link href="http://localhost/siteshop/categoria-prodotto/senza-categoria/feed/?simply_static_page=425" rel="self" type="application/rss+xml" />
	<link>./../../../index.html</link>
	<description></description>
	<lastBuildDate>Mon, 20 Mar 2023 16:05:36 +0000</lastBuildDate>
	<language>it-IT</language>
	<sy:updatePeriod>
	hourly	</sy:updatePeriod>
	<sy:updateFrequency>
	1	</sy:updateFrequency>
	<generator>https://wordpress.org/?v=6.1.1</generator>
	<item>
		<title>Zaino nero</title>
		<link>./../../../prodotto/zaino-nero/index.html</link>
					<comments>./../../../prodotto/zaino-nero/index.html#respond</comments>
		
		<dc:creator><![CDATA[Shirley]]></dc:creator>
		<pubDate>Mon, 20 Mar 2023 16:05:02 +0000</pubDate>
				<guid isPermaLink="false">./../../../index.html?post_type=product#038;p=94</guid>

					<description><![CDATA[Materiale: similpelle]]></description>
										<content:encoded><![CDATA[<p>Materiale: similpelle</p>
]]></content:encoded>
					
					<wfw:commentRss>./../../../prodotto/zaino-nero/feed/index.html</wfw:commentRss>
			<slash:comments>0</slash:comments>
		
		
			</item>
		<item>
		<title>zaino porta computer</title>
		<link>./../../../prodotto/zaino-porta-computer/index.html</link>
					<comments>./../../../prodotto/zaino-porta-computer/index.html#respond</comments>
		
		<dc:creator><![CDATA[Shirley]]></dc:creator>
		<pubDate>Mon, 20 Mar 2023 16:01:37 +0000</pubDate>
				<guid isPermaLink="false">./../../../index.html?post_type=product#038;p=93</guid>

					<description><![CDATA[Zaino uomo Porta Computer con porta ricarica USB Disponibilità in vari colori]]></description>
										<content:encoded><![CDATA[<p>Zaino uomo<br />
Porta Computer con porta ricarica USB<br />
Disponibilità in vari colori</p>
]]></content:encoded>
					
					<wfw:commentRss>./../../../prodotto/zaino-porta-computer/feed/index.html</wfw:commentRss>
			<slash:comments>0</slash:comments>
		
		
			</item>
	</channel>
</rss>
